,x
1,IBM
2,BRPM U
3,HZO
4,EXC
5,AH
6,NAO
7,CHCT
8,FFKY
9,FNCX
10,AMST
11,GBX
12,LCA
13,FVE
14,IMAX
15,FSNT
16,JOF
17,S
18,DOVR
19,ROKO
20,EQC
21,AFCE
22,TECR
23,SPDC
24,HA
25,DEL
26,CYCC
27,WAIR
28,ARIA
29,MBGH
30,ETCC
31,SVON
32,ASTV
33,ZAYO
34,IVR
35,BIVV
36,MHK
37,BOXL
38,SYUT
39,ABKI
40,FTF
41,WBHC
42,WSCRF
43,AIMC
44,SBAC
45,AFGR
46,VLCO
47,MUC
48,RLOC
49,MCD
50,AUSI
51,BXMT
52,INOD
53,CHAPQ
54,IFLM
55,FCBP
56,DPDM
57,INWP
58,TARA
59,OXM
60,AYN
61,XRX
62,PPO
63,CHLO
64,RGT
65,MHI
66,IAA
67,HWBK
68,BFGC
69,FRG
70,OKSB
71,FRTR
72,TEX
73,TRAK
74,MSEX
75,SSKN
76,APLP
77,NURO
78,ULUR
79,HZNP
80,TSRO
81,SNDE
82,NVG
83,AVTH
84,TWST
85,EVOK
86,TRCH
87,KRMD
88,ARK
89,TOTAU
90,CBAY
91,ANRUF
92,AXIO
93,MICB
94,KITE
95,TNIB
96,GUAA
97,JQC
98,ALEX
99,NHC
100,NFLX
101,REYN
102,COLM
103,FOSL
104,GCNG
105,RPM
106,FSLY
107,MAMS
108,ED
109,LJPC
110,SYY
111,TLCO
112,SIG
113,VITC
114,JPEX
115,TZOO
116,EMTC
117,XFTB
118,UREE
119,BGX
120,GLFMQ
121,ACCO
122,ROYE
123,AYI
124,OPAY
125,CNOB
126,NEPH
127,PCSA
128,SRRYD
129,CNL
130,ANDV
131,HEOL
132,GGZ
133,SSNI
134,MPSP
135,RGUS
136,RXN
137,NEU
138,CSSV
139,SEEL
140,PBCTP
141,YYEQF
142,CHGG
143,TCO
144,KYAK
145,FET
146,MOVE
147,SPLY
148,RMD
149,TMH
150,BKFS
151,ORB
152,HLSSF
153,MNR PR
154,EOSS
155,LVVV
156,CVRR
157,GST
158,IPIX
159,SPOK
160,BIOP
161,ETP
162,ORLY
163,GPRO
164,MIFI
165,WTS
166,CTIC
167,GWTI
168,PCRX
169,GECC
170,BHNN
171,UPNT
172,GORO
173,EFC
174,MNK
175,IMS
176,CAP
177,CXE
178,BVA
179,NWTR
180,PNX
181,AMED
182,FSNR
183,FREE
184,EBSB
185,LKFN
186,CPHD
187,WYND
188,HBOS
189,PVAHQ
190,DEN
191,CCNC
192,GEC
193,UROV
194,LXRX
195,DDRT
196,CNVR
197,GLTC
198,CPT
199,SOFT
200,RSSV
201,TWLO
202,SLRK
203,HRTX
204,NTST
205,IDT
206,TBNK
207,NVGI
208,SDSYA
209,KED
210,LEVI
211,MIXT
212,YSTR
213,MPACB
214,COHR
215,SFBR
216,HCAP
217,NCOM
218,CHTP
219,ORGC
220,FST
221,NRX
222,AMBI
223,CABN
224,TXN
225,SOR
226,MYN
227,TWO PR
228,WSTY
229,AMTD
230,TOPW
231,DX
232,IRF
233,SCL
234,KNSL
235,ROIL
236,NVSL
237,ANDX
238,HBP
239,GLBZ
240,CHHE
241,WWTH
242,PANA U
243,MCC
244,TSLX
245,STT
246,STAK
247,TXIC
248,RLI
249,IFT
250,BSM
251,DFBG
252,PHII
253,EHT
254,VNTH
255,FPT
256,SCIO
257,HTHH
258,GRTS
259,NTGN
260,APTS
261,SGMO
262,SMDM
263,IBCA
264,FZMD
265,GLW
266,FULC
267,HWAY
268,PAYA
269,IBTX
270,RCPI
271,BANC
272,CHMA
273,ATMO
274,SIGAQ
275,BG
276,FCHS
277,SCTZ
278,ATRM
279,DFT
280,CZFC
281,LHO
282,LYFE
283,CVU
284,PTZH
285,YECO
286,QKLS
287,AVGO
288,AWHHF
289,AEGY
290,OCIR
291,CR
292,WWWW
293,AMWD
294,CHRS
295,ANYI
296,PSEM
297,NK
298,ESBK
299,NMUS
300,PTRAD
301,PEB
302,KODK
303,CGO
304,PRMW
305,AVDL
306,WINA
307,RIT
308,ILED
309,PSBQ
310,BIVI
311,PVFC
312,MSFT
313,PKDC
314,DLR
315,EYEG
316,IMPV
317,CULP
318,HASC
319,BOVKF
320,CHFC
321,NAKDD
322,NAC
323,CSQ
324,WIRE
325,DMTX
326,ADS
327,COYN
328,FUN
329,WWW
330,KTWO
331,RBBN
332,ALDA
333,DWOG
334,TIPT
335,HPP
336,ELVG
337,JRS
338,SSNC
339,UI
340,RCRT
341,NOVA
342,ANIK
343,IEAM
344,ERGO
345,AKRO
346,COCO
347,MRCC
348,XOOM
349,KNX
350,ERC
351,MTN
352,NILE
353,FNBC
354,AMSE
355,ROYL
356,ZLTQ
357,SBFC
358,RSO
359,CPTP
360,SWKS
361,BCBP
362,ULGX
363,DTSI
364,GGHOD
365,BNA
366,HTBI
367,BLKK
368,LMNX
369,PCG.PR
370,IVCRB
371,CDOM
372,HOLUU
373,CRNSF
374,GPAY
375,PNTTD
376,TLPYD
377,ABHD
378,FIRE
379,FSRL
380,FNGN
381,TRV
382,EFSC
383,MSD
384,GPRE
385,KLFE
386,NOVN
387,VGEN
388,FUBO
389,VNRX
390,GLBL
391,RTK
392,KTEL
393,STRN
394,SRE
395,SCI
396,PODD
397,AMRK
398,CSTR
399,UTIW
400,AMBT
401,ZFLOD
402,MXPT
403,GTIV
404,PSTR
405,BOWXU
406,SYNA
407,KRC
408,MAR
409,BTT
410,SNKTY
411,CLW
412,LSI
413,PRLE
414,TGLO
415,OLN
416,KIPS
417,CCF
418,WDFC
419,INS
420,FCO
421,ALXA
422,MIRN
423,INTEQ
424,REACD
425,BBCP
426,NKX
427,LLNW
428,NKG
429,DWSN
430,MYDR
431,DPSI
432,SUNEQ
433,ACFC
434,CECE
435,BRTX
436,SONC
437,TORM
438,USPR
439,RAPT
440,AMZG
441,BDPT
442,HYSR
443,WBSN
444,TBIO
445,APAM
446,AMGC
447,KKD
448,MFM
449,ROCM
450,AR
451,TYC
452,FRED
453,ADX
454,ARP
455,BANF
456,NVDA
457,ININ
458,SAM
459,ARTL
460,CBMG
461,CZBS
462,CDE
463,RIOT
464,FRBK
465,AKVA
466,SQI
467,EXCC
468,EMPM
469,TKKSU
470,FPRX
471,FICO
472,KOPN
473,VHUB
474,CWGL
475,GMHIU
476,GDF
477,ACI
478,GYST
479,APOG
480,APL
481,BLH
482,FNHID
483,EPEG
484,CLCNE
485,VTNC
486,LBRDA
487,PDRG
488,EXD
489,BMRN
490,CBLY
491,BFS PR
492,SNCR
493,OSS
494,PNPL
495,FSNN
496,AMNC
497,LRE
498,CELZD
499,TG
500,NWE
501,NET
502,ORBT
503,OXGN
504,GTHPD
505,FDP
506,TSYS
507,AMFE
508,IP
509,IHT
510,MENT
511,ARYC
512,ACV
513,CLAC
514,ICGE
515,EWLL
516,CLPTD
517,DHY
518,TISDZ
519,HBIA
520,QLTS
521,BMBMD
522,IDYA
523,GNMTD
524,AKER
525,VNTR
526,CIM
527,UGHL
528,CIT
529,CCUR
530,BNGOF
531,UNAM
532,ACTT
533,AASL
534,KTB
535,NSPR
536,LDP
537,IMH
538,MSHS
539,EGHT
540,MNTG
541,AEHR
542,PCG
543,SRCF
544,HEBT
545,RPLA
546,SPAN
547,AVP
548,HELE
549,AMAZD
550,SDBT
551,UMHL
552,TLN
553,ESP
554,GM
555,RELV
556,VCYT
557,JCI
558,AEY
559,CVSL
560,DEA
561,BV
562,CHTR
563,BZ
564,VRSZQ
565,TKOI
566,LECO
567,CDK
568,CCOI
569,BOOT
570,TRTX
571,RMCP
572,SNDR
573,PGRX
574,HRT
575,PCXCQ
576,BFK
577,TESS
578,BYI
579,AXLL
580,SEMG
581,EVTN
582,BBTH
583,RSYS
584,GEOKQ
585,TTNP
586,ROKRD
587,OSCY
588,TCRR
589,PDSB
590,VBLT
591,FEIM
592,PYXSQ
593,RDN
594,MFIN
595,QCCO
596,SFI
597,TINY
598,NSEH
599,EPGG
600,ARCB
601,FELPU
602,MMMS
603,OHRP
604,SCPE U
605,RCHAD
606,BZH
607,BLE
608,DMKB
609,BRT
610,PANW
611,FACO
612,MCEP
613,ACLO
614,AQ
615,AKOM
616,LPSBD
617,CYN
618,OGXI
619,AKCA
620,BCSB
621,MDCO
622,APB
623,KLDO
624,MEDA
625,PIKE
626,DMYT
627,GPVRF
628,TLI
629,AERI
630,KLAC
631,ESTC
632,KERN
633,WPF
634,FTDR
635,NAKD
636,INFN
637,SAH
638,WMLP
639,BGSI
640,COMM
641,INST
642,PLAB
643,UCTT
644,JMGE
645,LOR
646,SMLR
647,SBPH
648,DJCO
649,CATSD
650,AMC
651,FCEB
652,SWM
653,RDNT
654,LMAT
655,XSNX
656,MANH
657,XSPY
658,EAST
659,ERES
660,VSAT
661,CORE
662,SND
663,ECACU
664,CPST
665,DCF
666,BRCD
667,GTEC
668,BNTC
669,JLL
670,URI
671,WBC
672,THRO
673,DUBL
674,NATL
675,BSBK
676,VAPO
677,STAR P
678,KDRH
679,SMM
680,DUC
681,ECRP
682,SNTI
683,AMSC
684,CPAI
685,CRMB
686,CHFRD
687,BSET
688,MDB
689,CAKE
690,KYCN
691,PPT
692,AGEN
693,PCYG
694,PTIX
695,DWRE
696,IROQ
697,IBAL
698,VOPA
699,KS
700,CHRIE
701,JGPK
702,NBO
703,EHSK
704,ECCB
705,HURC
706,OPB
707,MMI
708,ABMT
709,QRTEB
710,SGRB
711,ILPT
712,NP
713,PRGB
714,VSUL
715,ECGI
716,AKDS
717,HUN
718,SRER
719,SALM
720,IFUE
721,MILC
722,PWON
723,SUGRD
724,TNDM
725,QMDT
726,XLNX
727,KWR
728,INDUU
729,ARAV
730,HTGC
731,CSV
732,KTCC
733,AFYG
734,ABQQD
735,PCM
736,IRC
737,TLP
738,VSEC
739,LSTR
740,LSBG
741,TTF
742,XIDE
743,YETI
744,USAC
745,ECL
746,GOOG
747,SRAX
748,LIN
749,TCB
750,GKOS
751,FRP
752,SPFI
753,BC
754,BMC
755,FII
756,IPCC
757,VRX
758,AEE
759,STXB
760,ZYXI
761,RNG
762,HFFI
763,CLYUU
764,LAYN
765,ASCA
766,RGP
767,IHRTQ
768,PBFS
769,ECA
770,MBFI
771,PCFG
772,CVG
773,PCMI
774,BAS
775,HBNC
776,IMGL
777,PIM
778,CDLX
779,CBKM
780,RCM
781,HYH
782,PGNPF
783,IHD
784,LUVU
785,GEOS
786,SFNC
787,CXPO
788,HLYK
789,FCF
790,BDCG
791,UBX
792,ESC
793,HNT
794,VMM
795,BFB
796,IBKR
797,ACTL
798,JSN
799,SPAQ U
800,NRIM
801,CTRA
802,LEGH
803,DV
804,TXFXD
805,WTR
806,AXS
807,OFLX
808,DLNO
809,ERN
810,AWR
811,CNNB
812,PRTHU
813,MQT
814,ONDR
815,ITEK
816,XWES
817,GUID
818,HLX
819,IN
820,GDWP
821,SDOIA
822,PNR
823,VHGI
824,MNI
825,THRD
826,RDIO
827,HPQ
828,FUL
829,TBUFF
830,ESMC
831,XRDC
832,JRO
833,BFAM
834,GCFB
835,EPOC
836,CHI
837,BHR
838,ENGA
839,DGTW
840,GOJO
841,TPH
842,AUMN
843,CW
844,OOMA
845,ILVL
846,EVM
847,CARS
848,HBT
849,VNOM
850,FNAM
851,PINS
852,AMPD
853,STEM
854,PCB
855,NEWT
856,AFL
857,RACK
858,RMPL P
859,EOPTD
860,MSEL
861,CTCT
862,FLSS
863,AXIOD
864,UFCS
865,ASBI
866,GIII
867,NWPP
868,JTPY
869,EVO
870,BRMH
871,LCC
872,ICON
873,SUNS
874,MCBK
875,BWMG
876,PDI
877,JGG
878,VCI
879,GMCI
880,AZGS
881,CBCRQ
882,ACTA
883,NOM
884,VC
885,VRAY
886,TPHX
887,LSTS
888,CERC
889,DMPI
890,VII
891,UDF
892,MYNG
893,CRSP
894,QTNA
895,XPWR
896,MTW
897,CWBR
898,SCYX
899,ARYAU
900,TFM
901,MHRCQ
902,TXAC
903,FPAY
904,SCGY
905,BIEI
906,VRRM
907,STAY
908,AGN
909,JOSB
910,DIS
911,IGEX
912,UCFC
913,GRF
914,SPRZ
915,WSCO
916,TIK
917,CLR
918,ACIA
919,AURDQ
920,DKAM
921,DNDN
922,KF
923,ETSY
924,EOPTE
925,NFTI
926,ONCX
927,SGNL
928,UAN
929,QUBT
930,SPAQ
931,PSTB
932,BRPC
933,BSRR
934,BDGE
935,EVG
936,HMTVA
937,VHI
938,ECTX
939,USAQ
940,RCS
941,MYC
942,MAS
943,CODI
944,OMN
945,ALAD
946,VTMB
947,ITXN
948,INNL
949,AIM
950,GXGXU
951,MFST
952,KYLK
953,WMXG
954,TECO
955,VVIT
956,VVC
957,PCYO
958,DRII
959,THC
960,PEYE
961,INQD
962,NVET
963,TTLO
964,NRIS
965,QUIK
966,LIVC
967,MTDR
968,GEIN
969,BLD
970,SAFE
971,DCI
972,TRT
973,CIO
974,NMBL
975,SDOI
976,RPAI
977,SPLP
978,CHWE
979,ERB
980,VIDE
981,HWIS
982,LIQD
983,ABCE
984,ANR
985,HEWA
986,FEED
987,ICUI
988,CCNE
989,RRTS
990,JMLP
991,VAC
992,FTI
993,CCC U
994,TALN
995,CMXI
996,FBSS
997,RTWI
998,EOPN
999,VKQ
1000,HPHW